--
-- PostgreSQL database dump
--

-- Dumped from database version 9.5.4
-- Dumped by pg_dump version 9.5.4

SET statement_timeout = 0;
SET lock_timeout = 0;
SET client_encoding = 'UTF8';
SET standard_conforming_strings = on;
SET check_function_bodies = false;
SET client_min_messages = warning;
SET row_security = off;

--
-- Name: plpgsql; Type: EXTENSION; Schema: -; Owner: 
--

CREATE EXTENSION IF NOT EXISTS plpgsql WITH SCHEMA pg_catalog;


--
-- Name: EXTENSION plpgsql; Type: COMMENT; Schema: -; Owner: 
--

COMMENT ON EXTENSION plpgsql IS 'PL/pgSQL procedural language';


SET search_path = public, pg_catalog;

--
-- Name: table_books_seq; Type: SEQUENCE; Schema: public; Owner: postgres
--

CREATE SEQUENCE table_books_seq
    START WITH 1
    INCREMENT BY 1
    NO MINVALUE
    NO MAXVALUE
    CACHE 1;


ALTER TABLE table_books_seq OWNER TO postgres;

SET default_tablespace = '';

SET default_with_oids = false;

--
-- Name: books; Type: TABLE; Schema: public; Owner: postgres
--

CREATE TABLE books (
    id integer DEFAULT nextval('table_books_seq'::regclass) NOT NULL,
    title character(35) NOT NULL,
    author character(20) NOT NULL,
    publish_house character(20) NOT NULL,
    year integer NOT NULL,
    library_number integer NOT NULL,
    theme_number integer NOT NULL,
    count integer NOT NULL,
    attribute boolean NOT NULL
);


ALTER TABLE books OWNER TO postgres;

--
-- Name: books_library_number_seq; Type: SEQUENCE; Schema: public; Owner: postgres
--

CREATE SEQUENCE books_library_number_seq
    START WITH 1
    INCREMENT BY 1
    NO MINVALUE
    NO MAXVALUE
    CACHE 1;


ALTER TABLE books_library_number_seq OWNER TO postgres;

--
-- Name: books_library_number_seq; Type: SEQUENCE OWNED BY; Schema: public; Owner: postgres
--

ALTER SEQUENCE books_library_number_seq OWNED BY books.library_number;


--
-- Name: city; Type: TABLE; Schema: public; Owner: postgres
--

CREATE TABLE city (
    id integer NOT NULL,
    city character(20)
);


ALTER TABLE city OWNER TO postgres;

--
-- Name: city_id_seq; Type: SEQUENCE; Schema: public; Owner: postgres
--

CREATE SEQUENCE city_id_seq
    START WITH 1
    INCREMENT BY 1
    NO MINVALUE
    NO MAXVALUE
    CACHE 1;


ALTER TABLE city_id_seq OWNER TO postgres;

--
-- Name: city_id_seq; Type: SEQUENCE OWNED BY; Schema: public; Owner: postgres
--

ALTER SEQUENCE city_id_seq OWNED BY city.id;


--
-- Name: extradition; Type: TABLE; Schema: public; Owner: postgres
--

CREATE TABLE extradition (
    id integer NOT NULL,
    card_number integer NOT NULL,
    library_number integer NOT NULL,
    date date NOT NULL
);


ALTER TABLE extradition OWNER TO postgres;

--
-- Name: extradition_id_seq; Type: SEQUENCE; Schema: public; Owner: postgres
--

CREATE SEQUENCE extradition_id_seq
    START WITH 1
    INCREMENT BY 1
    NO MINVALUE
    NO MAXVALUE
    CACHE 1;


ALTER TABLE extradition_id_seq OWNER TO postgres;

--
-- Name: extradition_id_seq; Type: SEQUENCE OWNED BY; Schema: public; Owner: postgres
--

ALTER SEQUENCE extradition_id_seq OWNED BY extradition.id;


--
-- Name: publishers; Type: TABLE; Schema: public; Owner: postgres
--

CREATE TABLE publishers (
    id integer NOT NULL,
    name character(20) NOT NULL,
    address character(25) NOT NULL
);


ALTER TABLE publishers OWNER TO postgres;

--
-- Name: publishers_id_seq; Type: SEQUENCE; Schema: public; Owner: postgres
--

CREATE SEQUENCE publishers_id_seq
    START WITH 1
    INCREMENT BY 1
    NO MINVALUE
    NO MAXVALUE
    CACHE 1;


ALTER TABLE publishers_id_seq OWNER TO postgres;

--
-- Name: publishers_id_seq; Type: SEQUENCE OWNED BY; Schema: public; Owner: postgres
--

ALTER SEQUENCE publishers_id_seq OWNED BY publishers.id;


--
-- Name: readers; Type: TABLE; Schema: public; Owner: postgres
--

CREATE TABLE readers (
    id integer NOT NULL,
    surname character(20) NOT NULL,
    city integer NOT NULL,
    card_number integer NOT NULL
);


ALTER TABLE readers OWNER TO postgres;

--
-- Name: readers_card_number_seq; Type: SEQUENCE; Schema: public; Owner: postgres
--

CREATE SEQUENCE readers_card_number_seq
    START WITH 1
    INCREMENT BY 1
    NO MINVALUE
    NO MAXVALUE
    CACHE 1;


ALTER TABLE readers_card_number_seq OWNER TO postgres;

--
-- Name: readers_card_number_seq; Type: SEQUENCE OWNED BY; Schema: public; Owner: postgres
--

ALTER SEQUENCE readers_card_number_seq OWNED BY readers.card_number;


--
-- Name: readers_id_seq; Type: SEQUENCE; Schema: public; Owner: postgres
--

CREATE SEQUENCE readers_id_seq
    START WITH 1
    INCREMENT BY 1
    NO MINVALUE
    NO MAXVALUE
    CACHE 1;


ALTER TABLE readers_id_seq OWNER TO postgres;

--
-- Name: readers_id_seq; Type: SEQUENCE OWNED BY; Schema: public; Owner: postgres
--

ALTER SEQUENCE readers_id_seq OWNED BY readers.id;


--
-- Name: theme; Type: TABLE; Schema: public; Owner: postgres
--

CREATE TABLE theme (
    id integer NOT NULL,
    name character(30)
);


ALTER TABLE theme OWNER TO postgres;

--
-- Name: theme_id_seq; Type: SEQUENCE; Schema: public; Owner: postgres
--

CREATE SEQUENCE theme_id_seq
    START WITH 1
    INCREMENT BY 1
    NO MINVALUE
    NO MAXVALUE
    CACHE 1;


ALTER TABLE theme_id_seq OWNER TO postgres;

--
-- Name: theme_id_seq; Type: SEQUENCE OWNED BY; Schema: public; Owner: postgres
--

ALTER SEQUENCE theme_id_seq OWNED BY theme.id;


--
-- Name: library_number; Type: DEFAULT; Schema: public; Owner: postgres
--

ALTER TABLE ONLY books ALTER COLUMN library_number SET DEFAULT nextval('books_library_number_seq'::regclass);


--
-- Name: id; Type: DEFAULT; Schema: public; Owner: postgres
--

ALTER TABLE ONLY city ALTER COLUMN id SET DEFAULT nextval('city_id_seq'::regclass);


--
-- Name: id; Type: DEFAULT; Schema: public; Owner: postgres
--

ALTER TABLE ONLY extradition ALTER COLUMN id SET DEFAULT nextval('extradition_id_seq'::regclass);


--
-- Name: id; Type: DEFAULT; Schema: public; Owner: postgres
--

ALTER TABLE ONLY publishers ALTER COLUMN id SET DEFAULT nextval('publishers_id_seq'::regclass);


--
-- Name: id; Type: DEFAULT; Schema: public; Owner: postgres
--

ALTER TABLE ONLY readers ALTER COLUMN id SET DEFAULT nextval('readers_id_seq'::regclass);


--
-- Name: card_number; Type: DEFAULT; Schema: public; Owner: postgres
--

ALTER TABLE ONLY readers ALTER COLUMN card_number SET DEFAULT nextval('readers_card_number_seq'::regclass);


--
-- Name: id; Type: DEFAULT; Schema: public; Owner: postgres
--

ALTER TABLE ONLY theme ALTER COLUMN id SET DEFAULT nextval('theme_id_seq'::regclass);


--
-- Data for Name: books; Type: TABLE DATA; Schema: public; Owner: postgres
--

COPY books (id, title, author, publish_house, year, library_number, theme_number, count, attribute) FROM stdin;
6	Замок                              	Франц Кафка         	РОСМЭН              	2017	1	2	50	t
10	Унесенные ветром                   	Маргарет Митчелл    	МОСКВА              	2017	5	2	15	f
8	Два капитана                       	Вениамин Каверин    	Нигма               	2017	3	1	5	t
11	За спиной Гитлера                  	Гвидо Кнопп         	ПОПУРРИ             	2003	6	8	2	f
12	Божественная комедия               	Данте Алигьери      	РОСМЭН              	2016	7	4	15	t
13	Братья Карамазовы                  	Федор Достоевский   	Лабиринт            	2005	8	4	20	f
14	Отверженные                        	Виктор Гюго         	МОСКВА              	2015	9	4	50	t
15	Собор Парижской Богоматери         	Виктор Гюго         	МОСКВА              	2016	10	4	50	f
16	Гордость и предубеждение           	Джейн Остен         	Маяк                	2015	11	5	30	f
17	Кентервильское привидение          	Джейн Остен         	Дрофа               	2001	12	9	15	t
\.


--
-- Name: books_library_number_seq; Type: SEQUENCE SET; Schema: public; Owner: postgres
--

SELECT pg_catalog.setval('books_library_number_seq', 12, true);


--
-- Data for Name: city; Type: TABLE DATA; Schema: public; Owner: postgres
--

COPY city (id, city) FROM stdin;
1	Санкт-Петербург     
2	Владивосток         
3	Москва              
4	Новосибирск         
5	Омск                
6	Казань              
7	Астрахань           
8	Красноярск          
9	Пятигорск           
10	Сургут              
\.


--
-- Name: city_id_seq; Type: SEQUENCE SET; Schema: public; Owner: postgres
--

SELECT pg_catalog.setval('city_id_seq', 10, true);


--
-- Data for Name: extradition; Type: TABLE DATA; Schema: public; Owner: postgres
--

COPY extradition (id, card_number, library_number, date) FROM stdin;
2	1	1	2017-05-08
3	1	2	2017-05-11
4	1	3	2017-05-13
\.


--
-- Name: extradition_id_seq; Type: SEQUENCE SET; Schema: public; Owner: postgres
--

SELECT pg_catalog.setval('extradition_id_seq', 4, true);


--
-- Data for Name: publishers; Type: TABLE DATA; Schema: public; Owner: postgres
--

COPY publishers (id, name, address) FROM stdin;
1	РОСМЭН              	Немировича-Данченко, 138 
2	МОСКВА              	Кавалерийская, 16        
4	Нигма               	Новосибирская, 46        
5	Наука               	Ломоносова, 55           
6	Европа              	Европейская, 37          
7	Дрофа               	Красный проспект, 150    
8	Таврия              	Котовского, 95           
9	Лабиринт            	Пархоменко, 26           
10	Маяк                	Бумажников, 1            
11	Виктория            	Гоголя, 7                
12	Сильверхоф          	Путевая, 11              
13	АСТ                 	Станционная, 46          
14	Минск               	Бетонная, 23             
15	ПОПУРРИ             	Аэродромная, 78          
\.


--
-- Name: publishers_id_seq; Type: SEQUENCE SET; Schema: public; Owner: postgres
--

SELECT pg_catalog.setval('publishers_id_seq', 15, true);


--
-- Data for Name: readers; Type: TABLE DATA; Schema: public; Owner: postgres
--

COPY readers (id, surname, city, card_number) FROM stdin;
2	Пушкин              	1	1
4	Иванов              	2	4
5	Петров              	3	5
6	Соболев             	4	6
7	Пупкин              	5	7
8	Радионов            	6	8
9	Васильев            	7	9
10	Хомяков             	4	10
11	Горбачев            	8	11
12	Тимофеев            	9	12
13	Фомин               	3	13
14	Чернов              	10	14
\.


--
-- Name: readers_card_number_seq; Type: SEQUENCE SET; Schema: public; Owner: postgres
--

SELECT pg_catalog.setval('readers_card_number_seq', 14, true);


--
-- Name: readers_id_seq; Type: SEQUENCE SET; Schema: public; Owner: postgres
--

SELECT pg_catalog.setval('readers_id_seq', 14, true);


--
-- Name: table_books_seq; Type: SEQUENCE SET; Schema: public; Owner: postgres
--

SELECT pg_catalog.setval('table_books_seq', 17, true);


--
-- Data for Name: theme; Type: TABLE DATA; Schema: public; Owner: postgres
--

COPY theme (id, name) FROM stdin;
1	Любовные романы               
2	Современная литература        
3	Советские писатели            
4	Классики литературы           
5	Ужасы                         
6	Детективы                     
7	Сатира, Юмор                  
8	Мемуары, биографии            
9	Компьютеры                    
10	Деловая литература            
11	Наука, образование            
12	Педагогика                    
13	Философия                     
14	Экономика                     
15	Экология                      
16	Геогарфия                     
17	Психология                    
18	Детская литература            
19	Медицина                      
20	Искусство                     
21	Хобби                         
22	Мистика                       
\.


--
-- Name: theme_id_seq; Type: SEQUENCE SET; Schema: public; Owner: postgres
--

SELECT pg_catalog.setval('theme_id_seq', 22, true);


--
-- Name: books_pkey; Type: CONSTRAINT; Schema: public; Owner: postgres
--

ALTER TABLE ONLY books
    ADD CONSTRAINT books_pkey PRIMARY KEY (id);


--
-- Name: public; Type: ACL; Schema: -; Owner: postgres
--

REVOKE ALL ON SCHEMA public FROM PUBLIC;
REVOKE ALL ON SCHEMA public FROM postgres;
GRANT ALL ON SCHEMA public TO postgres;
GRANT ALL ON SCHEMA public TO PUBLIC;


--
-- PostgreSQL database dump complete
--

